Group,Date,Actual,TestForecast,DataType
ZINFRA PTY LTD,2020-10-01,14112134.41,,Train
ZINFRA PTY LTD,2020-11-01,6478998.83,,Train
ZINFRA PTY LTD,2020-12-01,8719768.81,,Train
ZINFRA PTY LTD,2021-01-01,8755888.2,,Train
ZINFRA PTY LTD,2021-02-01,6757107.91,,Train
ZINFRA PTY LTD,2021-03-01,6766279.2,,Train
ZINFRA PTY LTD,2021-04-01,6272760.6899999995,,Train
ZINFRA PTY LTD,2021-05-01,4931709.5,,Train
ZINFRA PTY LTD,2021-06-01,6597651.7,,Train
ZINFRA PTY LTD,2021-07-01,2708651.98,,Train
ZINFRA PTY LTD,2021-08-01,2748046.01,,Train
ZINFRA PTY LTD,2021-09-01,6073503.91,,Train
ZINFRA PTY LTD,2021-10-01,2725175.7,,Train
ZINFRA PTY LTD,2021-11-01,1799066.16,,Train
ZINFRA PTY LTD,2021-12-01,4005951.05,,Train
ZINFRA PTY LTD,2022-01-01,3007486.48,,Train
ZINFRA PTY LTD,2022-02-01,2778684.2399999998,,Train
ZINFRA PTY LTD,2022-03-01,3965290.02,,Train
ZINFRA PTY LTD,2022-04-01,2257053.24,,Train
ZINFRA PTY LTD,2022-05-01,2173245.84,,Train
ZINFRA PTY LTD,2022-06-01,5375019.24,,Train
ZINFRA PTY LTD,2022-07-01,12332285.13,,Train
ZINFRA PTY LTD,2022-08-01,3003859.27,,Train
ZINFRA PTY LTD,2022-09-01,614653.93,,Train
ZINFRA PTY LTD,2022-10-01,5352734.28,,Train
ZINFRA PTY LTD,2022-11-01,5783559.19,,Train
ZINFRA PTY LTD,2022-12-01,4063229.31,,Train
ZINFRA PTY LTD,2023-01-01,2246918.31,,Train
ZINFRA PTY LTD,2023-02-01,1477155.86,,Train
ZINFRA PTY LTD,2023-03-01,5995373.2,,Train
ZINFRA PTY LTD,2023-04-01,3006405.98,,Train
ZINFRA PTY LTD,2023-05-01,3978348.74,,Train
ZINFRA PTY LTD,2023-06-01,3124368.16,,Train
ZINFRA PTY LTD,2023-07-01,5987340.53,,Train
ZINFRA PTY LTD,2023-08-01,3729269.27,,Train
ZINFRA PTY LTD,2023-09-01,3103860.86,,Train
ZINFRA PTY LTD,2023-10-01,5469039.37,,Train
ZINFRA PTY LTD,2023-11-01,2262840.17,,Train
ZINFRA PTY LTD,2023-12-01,5213092.51,,Train
ZINFRA PTY LTD,2024-01-01,8415469.41,,Train
ZINFRA PTY LTD,2024-02-01,6558886.42,,Train
ZINFRA PTY LTD,2024-03-01,12887354.97,,Train
ZINFRA PTY LTD,2024-04-01,3849661.4,,Train
ZINFRA PTY LTD,2024-05-01,10411545.46,,Train
ZINFRA PTY LTD,2024-06-01,11666458.71,7779600.047628872,Test
ZINFRA PTY LTD,2024-07-01,9704426.4,8399151.737983894,Test
ZINFRA PTY LTD,2024-08-01,10785840.25,9068043.278031912,Test
ZINFRA PTY LTD,2024-09-01,3336965.9499999997,9790203.994099747,Test
ZINFRA PTY LTD,2024-10-01,9887919.69,10569876.1361546,Test
ZINFRA PTY LTD,2024-11-01,7461222.8,11411639.79841299,Test
ZINFRA PTY LTD,2024-12-01,7574038.18,12320439.824576862,Test
ZINFRA PTY LTD,2025-01-01,8974595.69,13301614.855748322,Test
ZINFRA PTY LTD,2025-02-01,10153812.25,14360928.691662278,Test
ZINFRA PTY LTD,2025-03-01,1223647.0699999998,15504604.149464106,Test
ZINFRA PTY LTD,2025-04-01,13679975.16,16739359.618932426,Test
ZINFRA PTY LTD,2025-05-01,8173838.67,18072448.528886203,Test
CONSOLIDATED POWER PROJECTS_035038,2020-10-01,6594550.48,,Train
CONSOLIDATED POWER PROJECTS_035038,2020-11-01,18329980.58,,Train
CONSOLIDATED POWER PROJECTS_035038,2020-12-01,6110682.74,,Train
CONSOLIDATED POWER PROJECTS_035038,2021-01-01,1654835.65,,Train
CONSOLIDATED POWER PROJECTS_035038,2021-02-01,7128410.38,,Train
CONSOLIDATED POWER PROJECTS_035038,2021-03-01,11704678.02,,Train
CONSOLIDATED POWER PROJECTS_035038,2021-04-01,4938881.06,,Train
CONSOLIDATED POWER PROJECTS_035038,2021-05-01,4701345.84,,Train
CONSOLIDATED POWER PROJECTS_035038,2021-06-01,6860981.2,,Train
CONSOLIDATED POWER PROJECTS_035038,2021-07-01,7893649.01,,Train
CONSOLIDATED POWER PROJECTS_035038,2021-08-01,2498995.83,,Train
CONSOLIDATED POWER PROJECTS_035038,2021-09-01,2802040.79,,Train
CONSOLIDATED POWER PROJECTS_035038,2021-10-01,2300445.33,,Train
CONSOLIDATED POWER PROJECTS_035038,2021-11-01,2063002.3800000001,,Train
CONSOLIDATED POWER PROJECTS_035038,2021-12-01,5767665.7,,Train
CONSOLIDATED POWER PROJECTS_035038,2022-01-01,746788.4199999999,,Train
CONSOLIDATED POWER PROJECTS_035038,2022-02-01,2399864.85,,Train
CONSOLIDATED POWER PROJECTS_035038,2022-03-01,3429819.01,,Train
CONSOLIDATED POWER PROJECTS_035038,2022-04-01,2655970.32,,Train
CONSOLIDATED POWER PROJECTS_035038,2022-05-01,4592538.37,,Train
CONSOLIDATED POWER PROJECTS_035038,2022-06-01,3817747.25,,Train
CONSOLIDATED POWER PROJECTS_035038,2022-07-01,9242351.36,,Train
CONSOLIDATED POWER PROJECTS_035038,2022-08-01,8726346.26,,Train
CONSOLIDATED POWER PROJECTS_035038,2022-09-01,5626425.93,,Train
CONSOLIDATED POWER PROJECTS_035038,2022-10-01,7443758.88,,Train
CONSOLIDATED POWER PROJECTS_035038,2022-11-01,6246990.97,,Train
CONSOLIDATED POWER PROJECTS_035038,2022-12-01,8175915.59,,Train
CONSOLIDATED POWER PROJECTS_035038,2023-01-01,3802718.11,,Train
CONSOLIDATED POWER PROJECTS_035038,2023-02-01,6723250.48,,Train
CONSOLIDATED POWER PROJECTS_035038,2023-03-01,3724294.5999999996,,Train
CONSOLIDATED POWER PROJECTS_035038,2023-04-01,3797299.61,,Train
CONSOLIDATED POWER PROJECTS_035038,2023-05-01,1498133.87,,Train
CONSOLIDATED POWER PROJECTS_035038,2023-06-01,3094844.18,,Train
CONSOLIDATED POWER PROJECTS_035038,2023-07-01,9533017.9,,Train
CONSOLIDATED POWER PROJECTS_035038,2023-08-01,1772522.6600000001,,Train
CONSOLIDATED POWER PROJECTS_035038,2023-09-01,5302952.7299999995,,Train
CONSOLIDATED POWER PROJECTS_035038,2023-10-01,2768768.84,,Train
CONSOLIDATED POWER PROJECTS_035038,2023-11-01,4746194.16,,Train
CONSOLIDATED POWER PROJECTS_035038,2023-12-01,4272107.27,,Train
CONSOLIDATED POWER PROJECTS_035038,2024-01-01,4638008.66,,Train
CONSOLIDATED POWER PROJECTS_035038,2024-02-01,3101722.71,,Train
CONSOLIDATED POWER PROJECTS_035038,2024-03-01,3001745.91,,Train
CONSOLIDATED POWER PROJECTS_035038,2024-04-01,2568605.18,,Train
CONSOLIDATED POWER PROJECTS_035038,2024-05-01,3339531.39,3090647.9255293654,Test
CONSOLIDATED POWER PROJECTS_035038,2024-06-01,2534602.57,3033436.7084104847,Test
CONSOLIDATED POWER PROJECTS_035038,2024-07-01,3165093.42,2977284.532451616,Test
CONSOLIDATED POWER PROJECTS_035038,2024-08-01,1320717.08,2922171.7936618743,Test
CONSOLIDATED POWER PROJECTS_035038,2024-09-01,995827.34,2868079.2509413306,Test
CONSOLIDATED POWER PROJECTS_035038,2024-10-01,1044247.8,2814988.0193635244,Test
CONSOLIDATED POWER PROJECTS_035038,2024-11-01,770436.55,2762879.563582281,Test
CONSOLIDATED POWER PROJECTS_035038,2024-12-01,117924.15,2711735.691360622,Test
CONSOLIDATED POWER PROJECTS_035038,2025-01-01,330475.76,2661538.547219438,Test
CONSOLIDATED POWER PROJECTS_035038,2025-02-01,748462.71,2612270.6062037544,Test
CONSOLIDATED POWER PROJECTS_035038,2025-03-01,0.0,2563914.6677643475,Test
CONSOLIDATED POWER PROJECTS_035038,2025-04-01,105699.3,2516453.8497526604,Test
TAIHAN ELECTRIC AUSTRALIA P/L,2020-10-01,11288540.08,,Train
TAIHAN ELECTRIC AUSTRALIA P/L,2020-11-01,1575986.49,,Train
TAIHAN ELECTRIC AUSTRALIA P/L,2020-12-01,8848500.63,,Train
TAIHAN ELECTRIC AUSTRALIA P/L,2021-01-01,24906230.22,,Train
TAIHAN ELECTRIC AUSTRALIA P/L,2021-02-01,9816071.71,,Train
TAIHAN ELECTRIC AUSTRALIA P/L,2021-03-01,30361987.35,,Train
TAIHAN ELECTRIC AUSTRALIA P/L,2021-04-01,27621351.099999998,,Train
TAIHAN ELECTRIC AUSTRALIA P/L,2021-05-01,6706925.640000001,,Train
TAIHAN ELECTRIC AUSTRALIA P/L,2021-06-01,11693554.75,,Train
TAIHAN ELECTRIC AUSTRALIA P/L,2021-07-01,11402542.639999999,,Train
TAIHAN ELECTRIC AUSTRALIA P/L,2021-08-01,4136235.1,,Train
TAIHAN ELECTRIC AUSTRALIA P/L,2021-09-01,2548985.4299999997,,Train
TAIHAN ELECTRIC AUSTRALIA P/L,2021-10-01,0.0,,Train
TAIHAN ELECTRIC AUSTRALIA P/L,2021-11-01,1304308.5,,Train
TAIHAN ELECTRIC AUSTRALIA P/L,2021-12-01,421576.25,,Train
TAIHAN ELECTRIC AUSTRALIA P/L,2022-01-01,0.0,,Train
TAIHAN ELECTRIC AUSTRALIA P/L,2022-02-01,576771.9400000001,,Train
TAIHAN ELECTRIC AUSTRALIA P/L,2022-03-01,0.0,,Train
TAIHAN ELECTRIC AUSTRALIA P/L,2022-04-01,0.0,,Train
TAIHAN ELECTRIC AUSTRALIA P/L,2022-05-01,0.0,,Train
TAIHAN ELECTRIC AUSTRALIA P/L,2022-06-01,537527.5599999999,,Train
TAIHAN ELECTRIC AUSTRALIA P/L,2022-07-01,302156.62,,Train
TAIHAN ELECTRIC AUSTRALIA P/L,2022-08-01,0.0,,Train
TAIHAN ELECTRIC AUSTRALIA P/L,2022-09-01,0.0,,Train
TAIHAN ELECTRIC AUSTRALIA P/L,2022-10-01,98820.31999999999,,Train
TAIHAN ELECTRIC AUSTRALIA P/L,2022-11-01,0.0,,Train
TAIHAN ELECTRIC AUSTRALIA P/L,2022-12-01,0.0,,Train
TAIHAN ELECTRIC AUSTRALIA P/L,2023-01-01,0.0,,Train
TAIHAN ELECTRIC AUSTRALIA P/L,2023-02-01,0.0,,Train
TAIHAN ELECTRIC AUSTRALIA P/L,2023-03-01,159752.55,,Train
TAIHAN ELECTRIC AUSTRALIA P/L,2023-04-01,0.0,,Train
TAIHAN ELECTRIC AUSTRALIA P/L,2023-05-01,329413.55,,Train
TAIHAN ELECTRIC AUSTRALIA P/L,2023-06-01,105362.57,,Train
TAIHAN ELECTRIC AUSTRALIA P/L,2023-07-01,0.0,,Train
TAIHAN ELECTRIC AUSTRALIA P/L,2023-08-01,0.0,,Train
TAIHAN ELECTRIC AUSTRALIA P/L,2023-09-01,0.0,,Train
TAIHAN ELECTRIC AUSTRALIA P/L,2023-10-01,93236.0,,Train
TAIHAN ELECTRIC AUSTRALIA P/L,2023-11-01,0.0,,Train
TAIHAN ELECTRIC AUSTRALIA P/L,2023-12-01,0.0,,Train
TAIHAN ELECTRIC AUSTRALIA P/L,2024-01-01,0.0,,Train
TAIHAN ELECTRIC AUSTRALIA P/L,2024-02-01,0.0,,Train
TAIHAN ELECTRIC AUSTRALIA P/L,2024-03-01,0.0,,Train
TAIHAN ELECTRIC AUSTRALIA P/L,2024-04-01,292156.24,,Train
TAIHAN ELECTRIC AUSTRALIA P/L,2024-05-01,321800.75,,Train
TAIHAN ELECTRIC AUSTRALIA P/L,2024-06-01,494160.49,9.53712383672477e-06,Test
TAIHAN ELECTRIC AUSTRALIA P/L,2024-07-01,123651.01000000001,5.334728128083798e-06,Test
TAIHAN ELECTRIC AUSTRALIA P/L,2024-08-01,929379.84,2.9840573204029917e-06,Test
TAIHAN ELECTRIC AUSTRALIA P/L,2024-09-01,1185496.22,1.6691756126378602e-06,Test
TAIHAN ELECTRIC AUSTRALIA P/L,2024-10-01,1445114.52,9.336775157686002e-07,Test
TAIHAN ELECTRIC AUSTRALIA P/L,2024-11-01,2473823.09,5.222660197354317e-07,Test
TAIHAN ELECTRIC AUSTRALIA P/L,2024-12-01,1875286.9500000002,2.9213705028095634e-07,Test
TAIHAN ELECTRIC AUSTRALIA P/L,2025-01-01,1427348.65,1.63411083474455e-07,Test
TAIHAN ELECTRIC AUSTRALIA P/L,2025-02-01,631608.95,9.140635252055209e-08,Test
TAIHAN ELECTRIC AUSTRALIA P/L,2025-03-01,2588589.62,5.112946504890864e-08,Test
TAIHAN ELECTRIC AUSTRALIA P/L,2025-04-01,0.0,2.8600005624333175e-08,Test
TAIHAN ELECTRIC AUSTRALIA P/L,2025-05-01,2517001.58,1.5997826711651575e-08,Test
UGL ENGINEERING PTY LTD_029620,2020-10-01,4671401.8,,Train
UGL ENGINEERING PTY LTD_029620,2020-11-01,2136152.66,,Train
UGL ENGINEERING PTY LTD_029620,2020-12-01,138977.03,,Train
UGL ENGINEERING PTY LTD_029620,2021-01-01,52931.41,,Train
UGL ENGINEERING PTY LTD_029620,2021-02-01,1674877.66,,Train
UGL ENGINEERING PTY LTD_029620,2021-03-01,1217935.99,,Train
UGL ENGINEERING PTY LTD_029620,2021-04-01,3723289.7800000003,,Train
UGL ENGINEERING PTY LTD_029620,2021-05-01,500754.11,,Train
UGL ENGINEERING PTY LTD_029620,2021-06-01,2095544.8199999998,,Train
UGL ENGINEERING PTY LTD_029620,2021-07-01,2700046.75,,Train
UGL ENGINEERING PTY LTD_029620,2021-08-01,1696305.38,,Train
UGL ENGINEERING PTY LTD_029620,2021-09-01,589261.75,,Train
UGL ENGINEERING PTY LTD_029620,2021-10-01,165096.95,,Train
UGL ENGINEERING PTY LTD_029620,2021-11-01,890815.93,,Train
UGL ENGINEERING PTY LTD_029620,2021-12-01,436796.76,,Train
UGL ENGINEERING PTY LTD_029620,2022-01-01,1194421.74,,Train
UGL ENGINEERING PTY LTD_029620,2022-02-01,1870841.6700000002,,Train
UGL ENGINEERING PTY LTD_029620,2022-03-01,1391128.33,,Train
UGL ENGINEERING PTY LTD_029620,2022-04-01,2342636.2,,Train
UGL ENGINEERING PTY LTD_029620,2022-05-01,2299768.63,,Train
UGL ENGINEERING PTY LTD_029620,2022-06-01,5060247.14,,Train
UGL ENGINEERING PTY LTD_029620,2022-07-01,456552.75,,Train
UGL ENGINEERING PTY LTD_029620,2022-08-01,4512558.43,,Train
UGL ENGINEERING PTY LTD_029620,2022-09-01,2232120.75,,Train
UGL ENGINEERING PTY LTD_029620,2022-10-01,499978.79000000004,,Train
UGL ENGINEERING PTY LTD_029620,2022-11-01,767484.72,,Train
UGL ENGINEERING PTY LTD_029620,2022-12-01,425008.99,,Train
UGL ENGINEERING PTY LTD_029620,2023-01-01,0.0,,Train
UGL ENGINEERING PTY LTD_029620,2023-02-01,2249791.1799999997,,Train
UGL ENGINEERING PTY LTD_029620,2023-03-01,2162024.29,,Train
UGL ENGINEERING PTY LTD_029620,2023-04-01,4805681.22,,Train
UGL ENGINEERING PTY LTD_029620,2023-05-01,1198905.37,,Train
UGL ENGINEERING PTY LTD_029620,2023-06-01,3982271.39,,Train
UGL ENGINEERING PTY LTD_029620,2023-07-01,0.0,,Train
UGL ENGINEERING PTY LTD_029620,2023-08-01,3128075.59,,Train
UGL ENGINEERING PTY LTD_029620,2023-09-01,11051130.78,,Train
UGL ENGINEERING PTY LTD_029620,2023-10-01,1360975.6099999999,,Train
UGL ENGINEERING PTY LTD_029620,2023-11-01,809518.51,,Train
UGL ENGINEERING PTY LTD_029620,2023-12-01,628043.42,,Train
UGL ENGINEERING PTY LTD_029620,2024-01-01,1449125.29,,Train
UGL ENGINEERING PTY LTD_029620,2024-02-01,660372.13,,Train
UGL ENGINEERING PTY LTD_029620,2024-03-01,1291351.99,,Train
UGL ENGINEERING PTY LTD_029620,2024-04-01,2002053.48,,Train
UGL ENGINEERING PTY LTD_029620,2024-05-01,2438926.7199999997,,Train
UGL ENGINEERING PTY LTD_029620,2024-06-01,0.0,123371.73631304617,Test
UGL ENGINEERING PTY LTD_029620,2024-07-01,7837716.45,117490.15872031881,Test
UGL ENGINEERING PTY LTD_029620,2024-08-01,1187542.1400000001,111888.97723786013,Test
UGL ENGINEERING PTY LTD_029620,2024-09-01,739614.6,106554.82436733905,Test
UGL ENGINEERING PTY LTD_029620,2024-10-01,3321777.89,101474.9698874952,Test
UGL ENGINEERING PTY LTD_029620,2024-11-01,6301964.17,96637.29047283123,Test
UGL ENGINEERING PTY LTD_029620,2024-12-01,10491382.53,92030.240760694,Test
UGL ENGINEERING PTY LTD_029620,2025-01-01,6144332.43,87642.82579769194,Test
UGL ENGINEERING PTY LTD_029620,2025-02-01,6452943.96,83464.57479969165,Test
UGL ENGINEERING PTY LTD_029620,2025-03-01,6420970.52,79485.51616277051,Test
UGL ENGINEERING PTY LTD_029620,2025-04-01,7401385.51,75696.15366548757,Test
UGL ENGINEERING PTY LTD_029620,2025-05-01,7394430.59,72087.44380567911,Test
DOWNER UTILITIES AUSTRALIA P/L,2020-10-01,5519139.89,,Train
DOWNER UTILITIES AUSTRALIA P/L,2020-11-01,4988444.95,,Train
DOWNER UTILITIES AUSTRALIA P/L,2020-12-01,12970359.19,,Train
DOWNER UTILITIES AUSTRALIA P/L,2021-01-01,954993.5299999999,,Train
DOWNER UTILITIES AUSTRALIA P/L,2021-02-01,5141334.39,,Train
DOWNER UTILITIES AUSTRALIA P/L,2021-03-01,5284324.41,,Train
DOWNER UTILITIES AUSTRALIA P/L,2021-04-01,3673932.75,,Train
DOWNER UTILITIES AUSTRALIA P/L,2021-05-01,2210267.09,,Train
DOWNER UTILITIES AUSTRALIA P/L,2021-06-01,4553944.739999999,,Train
DOWNER UTILITIES AUSTRALIA P/L,2021-07-01,678036.75,,Train
DOWNER UTILITIES AUSTRALIA P/L,2021-08-01,676010.83,,Train
DOWNER UTILITIES AUSTRALIA P/L,2021-09-01,1269530.01,,Train
DOWNER UTILITIES AUSTRALIA P/L,2021-10-01,3396429.45,,Train
DOWNER UTILITIES AUSTRALIA P/L,2021-11-01,3599168.23,,Train
DOWNER UTILITIES AUSTRALIA P/L,2021-12-01,6153459.2299999995,,Train
DOWNER UTILITIES AUSTRALIA P/L,2022-01-01,2166417.77,,Train
DOWNER UTILITIES AUSTRALIA P/L,2022-02-01,900060.49,,Train
DOWNER UTILITIES AUSTRALIA P/L,2022-03-01,4719209.1899999995,,Train
DOWNER UTILITIES AUSTRALIA P/L,2022-04-01,2535046.97,,Train
DOWNER UTILITIES AUSTRALIA P/L,2022-05-01,2082679.38,,Train
DOWNER UTILITIES AUSTRALIA P/L,2022-06-01,3277180.93,,Train
DOWNER UTILITIES AUSTRALIA P/L,2022-07-01,562839.96,,Train
DOWNER UTILITIES AUSTRALIA P/L,2022-08-01,1587182.41,,Train
DOWNER UTILITIES AUSTRALIA P/L,2022-09-01,4843775.34,,Train
DOWNER UTILITIES AUSTRALIA P/L,2022-10-01,3052200.88,,Train
DOWNER UTILITIES AUSTRALIA P/L,2022-11-01,3370558.92,,Train
DOWNER UTILITIES AUSTRALIA P/L,2022-12-01,4033490.5500000003,,Train
DOWNER UTILITIES AUSTRALIA P/L,2023-01-01,1047088.5,,Train
DOWNER UTILITIES AUSTRALIA P/L,2023-02-01,450526.75999999995,,Train
DOWNER UTILITIES AUSTRALIA P/L,2023-03-01,1893783.94,,Train
DOWNER UTILITIES AUSTRALIA P/L,2023-04-01,1124850.79,,Train
DOWNER UTILITIES AUSTRALIA P/L,2023-05-01,1574769.3900000001,,Train
DOWNER UTILITIES AUSTRALIA P/L,2023-06-01,806597.52,,Train
DOWNER UTILITIES AUSTRALIA P/L,2023-07-01,2268303.0,,Train
DOWNER UTILITIES AUSTRALIA P/L,2023-08-01,4630.33,,Train
DOWNER UTILITIES AUSTRALIA P/L,2023-09-01,106576.51000000001,,Train
DOWNER UTILITIES AUSTRALIA P/L,2023-10-01,373524.0,,Train
DOWNER UTILITIES AUSTRALIA P/L,2023-11-01,334090.85,,Train
DOWNER UTILITIES AUSTRALIA P/L,2023-12-01,92936.0,,Train
DOWNER UTILITIES AUSTRALIA P/L,2024-01-01,0.0,,Train
DOWNER UTILITIES AUSTRALIA P/L,2024-02-01,0.0,,Train
DOWNER UTILITIES AUSTRALIA P/L,2024-03-01,420528.0,,Train
DOWNER UTILITIES AUSTRALIA P/L,2024-04-01,0.0,,Train
DOWNER UTILITIES AUSTRALIA P/L,2024-05-01,750000.0,,Train
DOWNER UTILITIES AUSTRALIA P/L,2024-06-01,856408.98,8.668641108000468,Test
DOWNER UTILITIES AUSTRALIA P/L,2024-07-01,479658.54000000004,6.251784800738493,Test
DOWNER UTILITIES AUSTRALIA P/L,2024-08-01,492329.44,4.5087589516968976,Test
DOWNER UTILITIES AUSTRALIA P/L,2024-09-01,548139.55,3.2516965846466044,Test
DOWNER UTILITIES AUSTRALIA P/L,2024-10-01,498320.49,2.345108885145209,Test
DOWNER UTILITIES AUSTRALIA P/L,2024-11-01,865085.3200000001,1.6912819323776778,Test
DOWNER UTILITIES AUSTRALIA P/L,2024-12-01,1188158.95,1.2197448881398336,Test
DOWNER UTILITIES AUSTRALIA P/L,2025-01-01,599703.9,0.8796745023177016,Test
DOWNER UTILITIES AUSTRALIA P/L,2025-02-01,713291.84,0.6344172765569183,Test
DOWNER UTILITIES AUSTRALIA P/L,2025-03-01,607961.98,0.45753887345087174,Test
DOWNER UTILITIES AUSTRALIA P/L,2025-04-01,640136.65,0.3299749682966131,Test
DOWNER UTILITIES AUSTRALIA P/L,2025-05-01,1159039.58,0.23797645625414207,Test
Enerven Energy Infrastructure Pty Ltd,2023-04-01,187227.0,,Train
Enerven Energy Infrastructure Pty Ltd,2023-05-01,164498.65,,Train
Enerven Energy Infrastructure Pty Ltd,2023-06-01,0.0,,Train
Enerven Energy Infrastructure Pty Ltd,2023-07-01,0.0,,Train
Enerven Energy Infrastructure Pty Ltd,2023-08-01,606945.35,,Train
Enerven Energy Infrastructure Pty Ltd,2023-09-01,0.0,,Train
Enerven Energy Infrastructure Pty Ltd,2023-10-01,0.0,,Train
Enerven Energy Infrastructure Pty Ltd,2023-11-01,0.0,,Train
Enerven Energy Infrastructure Pty Ltd,2023-12-01,6778532.600000001,,Train
Enerven Energy Infrastructure Pty Ltd,2024-01-01,1836477.03,,Train
Enerven Energy Infrastructure Pty Ltd,2024-02-01,2996230.9,,Train
Enerven Energy Infrastructure Pty Ltd,2024-03-01,2712518.47,,Train
Enerven Energy Infrastructure Pty Ltd,2024-04-01,2234618.8,,Train
Enerven Energy Infrastructure Pty Ltd,2024-05-01,3112091.29,,Train
Enerven Energy Infrastructure Pty Ltd,2024-06-01,2463678.3,1657608.969762849,Test
Enerven Energy Infrastructure Pty Ltd,2024-07-01,2955643.0,6449376.132548151,Test
Enerven Energy Infrastructure Pty Ltd,2024-08-01,4147872.3400000003,25093042.604030177,Test
Enerven Energy Infrastructure Pty Ltd,2024-09-01,4766647.779999999,97631270.71314001,Test
Enerven Energy Infrastructure Pty Ltd,2024-10-01,3417993.17,379860871.0580009,Test
Enerven Energy Infrastructure Pty Ltd,2024-11-01,3050564.79,1477951483.238489,Test
Enerven Energy Infrastructure Pty Ltd,2024-12-01,4580813.8,5750370078.189272,Test
Enerven Energy Infrastructure Pty Ltd,2025-01-01,4596699.06,22373370446.2873,Test
Enerven Energy Infrastructure Pty Ltd,2025-02-01,3972257.58,87049650426.0514,Test
Enerven Energy Infrastructure Pty Ltd,2025-03-01,9470261.3,338690214667.9115,Test
Enerven Energy Infrastructure Pty Ltd,2025-04-01,7830415.27,1317765906587.3367,Test
Enerven Energy Infrastructure Pty Ltd,2025-05-01,4346769.32,5127124756959.9795,Test
SG FLEET AUSTRALIA PTY LTD,2020-10-01,60952.5,,Train
SG FLEET AUSTRALIA PTY LTD,2020-11-01,839643.88,,Train
SG FLEET AUSTRALIA PTY LTD,2020-12-01,572405.26,,Train
SG FLEET AUSTRALIA PTY LTD,2021-01-01,128553.68999999999,,Train
SG FLEET AUSTRALIA PTY LTD,2021-02-01,377908.19,,Train
SG FLEET AUSTRALIA PTY LTD,2021-03-01,2413790.25,,Train
SG FLEET AUSTRALIA PTY LTD,2021-04-01,3096820.7600000002,,Train
SG FLEET AUSTRALIA PTY LTD,2021-05-01,1232115.15,,Train
SG FLEET AUSTRALIA PTY LTD,2021-06-01,603344.98,,Train
SG FLEET AUSTRALIA PTY LTD,2021-07-01,2240816.39,,Train
SG FLEET AUSTRALIA PTY LTD,2021-08-01,537443.73,,Train
SG FLEET AUSTRALIA PTY LTD,2021-09-01,96318.73000000001,,Train
SG FLEET AUSTRALIA PTY LTD,2021-10-01,1052094.74,,Train
SG FLEET AUSTRALIA PTY LTD,2021-11-01,930520.9199999999,,Train
SG FLEET AUSTRALIA PTY LTD,2021-12-01,1396342.63,,Train
SG FLEET AUSTRALIA PTY LTD,2022-01-01,550938.01,,Train
SG FLEET AUSTRALIA PTY LTD,2022-02-01,581634.71,,Train
SG FLEET AUSTRALIA PTY LTD,2022-03-01,637266.1,,Train
SG FLEET AUSTRALIA PTY LTD,2022-04-01,1958113.34,,Train
SG FLEET AUSTRALIA PTY LTD,2022-05-01,1337728.78,,Train
SG FLEET AUSTRALIA PTY LTD,2022-06-01,2088104.42,,Train
SG FLEET AUSTRALIA PTY LTD,2022-07-01,864187.41,,Train
SG FLEET AUSTRALIA PTY LTD,2022-08-01,530233.66,,Train
SG FLEET AUSTRALIA PTY LTD,2022-09-01,711326.5700000001,,Train
SG FLEET AUSTRALIA PTY LTD,2022-10-01,566790.16,,Train
SG FLEET AUSTRALIA PTY LTD,2022-11-01,453828.2,,Train
SG FLEET AUSTRALIA PTY LTD,2022-12-01,952208.02,,Train
SG FLEET AUSTRALIA PTY LTD,2023-01-01,239427.07,,Train
SG FLEET AUSTRALIA PTY LTD,2023-02-01,778562.7,,Train
SG FLEET AUSTRALIA PTY LTD,2023-03-01,1431025.1,,Train
SG FLEET AUSTRALIA PTY LTD,2023-04-01,823401.76,,Train
SG FLEET AUSTRALIA PTY LTD,2023-05-01,705941.88,,Train
SG FLEET AUSTRALIA PTY LTD,2023-06-01,2605774.96,,Train
SG FLEET AUSTRALIA PTY LTD,2023-07-01,654886.72,,Train
SG FLEET AUSTRALIA PTY LTD,2023-08-01,978424.55,,Train
SG FLEET AUSTRALIA PTY LTD,2023-09-01,1706756.19,,Train
SG FLEET AUSTRALIA PTY LTD,2023-10-01,0.0,,Train
SG FLEET AUSTRALIA PTY LTD,2023-11-01,3027594.12,,Train
SG FLEET AUSTRALIA PTY LTD,2023-12-01,233829.93,,Train
SG FLEET AUSTRALIA PTY LTD,2024-01-01,1749391.76,,Train
SG FLEET AUSTRALIA PTY LTD,2024-02-01,1226469.06,,Train
SG FLEET AUSTRALIA PTY LTD,2024-03-01,1283841.52,,Train
SG FLEET AUSTRALIA PTY LTD,2024-04-01,1305565.8,,Train
SG FLEET AUSTRALIA PTY LTD,2024-05-01,2032424.0999999999,,Train
SG FLEET AUSTRALIA PTY LTD,2024-06-01,2567847.73,201521.5214412496,Test
SG FLEET AUSTRALIA PTY LTD,2024-07-01,1417536.08,194604.1880887745,Test
SG FLEET AUSTRALIA PTY LTD,2024-08-01,826827.0499999999,187924.2958808828,Test
SG FLEET AUSTRALIA PTY LTD,2024-09-01,1638930.01,181473.6945240634,Test
SG FLEET AUSTRALIA PTY LTD,2024-10-01,2337059.64,175244.51348796146,Test
SG FLEET AUSTRALIA PTY LTD,2024-11-01,3309651.75,169229.1524023617,Test
SG FLEET AUSTRALIA PTY LTD,2024-12-01,1027596.1599999999,163420.2717837957,Test
SG FLEET AUSTRALIA PTY LTD,2025-01-01,2032003.02,157810.7840804679,Test
SG FLEET AUSTRALIA PTY LTD,2025-02-01,1316778.7,152393.8450245648,Test
SG FLEET AUSTRALIA PTY LTD,2025-03-01,2206265.78,147162.84528140503,Test
SG FLEET AUSTRALIA PTY LTD,2025-04-01,1909456.1400000001,142111.40238523265,Test
SG FLEET AUSTRALIA PTY LTD,2025-05-01,2017450.52,137233.3529518228,Test
AURECON AUSTRALASIA PTY LTD,2020-09-01,73645.0,,Train
AURECON AUSTRALASIA PTY LTD,2020-10-01,409303.72000000003,,Train
AURECON AUSTRALASIA PTY LTD,2020-11-01,572000.85,,Train
AURECON AUSTRALASIA PTY LTD,2020-12-01,683522.26,,Train
AURECON AUSTRALASIA PTY LTD,2021-01-01,296618.86,,Train
AURECON AUSTRALASIA PTY LTD,2021-02-01,1558664.1500000001,,Train
AURECON AUSTRALASIA PTY LTD,2021-03-01,1141782.35,,Train
AURECON AUSTRALASIA PTY LTD,2021-04-01,840373.01,,Train
AURECON AUSTRALASIA PTY LTD,2021-05-01,1455864.87,,Train
AURECON AUSTRALASIA PTY LTD,2021-06-01,536624.3,,Train
AURECON AUSTRALASIA PTY LTD,2021-07-01,1367940.94,,Train
AURECON AUSTRALASIA PTY LTD,2021-08-01,1534266.97,,Train
AURECON AUSTRALASIA PTY LTD,2021-09-01,575947.12,,Train
AURECON AUSTRALASIA PTY LTD,2021-10-01,1191105.31,,Train
AURECON AUSTRALASIA PTY LTD,2021-11-01,1426533.6400000001,,Train
AURECON AUSTRALASIA PTY LTD,2021-12-01,1325288.68,,Train
AURECON AUSTRALASIA PTY LTD,2022-01-01,311319.0,,Train
AURECON AUSTRALASIA PTY LTD,2022-02-01,1592237.72,,Train
AURECON AUSTRALASIA PTY LTD,2022-03-01,1825218.6600000001,,Train
AURECON AUSTRALASIA PTY LTD,2022-04-01,1120413.79,,Train
AURECON AUSTRALASIA PTY LTD,2022-05-01,917257.1100000001,,Train
AURECON AUSTRALASIA PTY LTD,2022-06-01,2444488.56,,Train
AURECON AUSTRALASIA PTY LTD,2022-07-01,2478131.74,,Train
AURECON AUSTRALASIA PTY LTD,2022-08-01,992157.4299999999,,Train
AURECON AUSTRALASIA PTY LTD,2022-09-01,2598655.11,,Train
AURECON AUSTRALASIA PTY LTD,2022-10-01,204814.24,,Train
AURECON AUSTRALASIA PTY LTD,2022-11-01,2298284.91,,Train
AURECON AUSTRALASIA PTY LTD,2022-12-01,1818247.0499999998,,Train
AURECON AUSTRALASIA PTY LTD,2023-01-01,1800281.79,,Train
AURECON AUSTRALASIA PTY LTD,2023-02-01,507735.12,,Train
AURECON AUSTRALASIA PTY LTD,2023-03-01,2590289.27,,Train
AURECON AUSTRALASIA PTY LTD,2023-04-01,1723004.47,,Train
AURECON AUSTRALASIA PTY LTD,2023-05-01,981281.33,,Train
AURECON AUSTRALASIA PTY LTD,2023-06-01,1233406.81,,Train
AURECON AUSTRALASIA PTY LTD,2023-07-01,1373719.57,,Train
AURECON AUSTRALASIA PTY LTD,2023-08-01,1057231.74,,Train
AURECON AUSTRALASIA PTY LTD,2023-09-01,1247426.6700000002,,Train
AURECON AUSTRALASIA PTY LTD,2023-10-01,1244015.72,,Train
AURECON AUSTRALASIA PTY LTD,2023-11-01,1084806.32,,Train
AURECON AUSTRALASIA PTY LTD,2023-12-01,2036745.52,,Train
AURECON AUSTRALASIA PTY LTD,2024-01-01,1920263.26,,Train
AURECON AUSTRALASIA PTY LTD,2024-02-01,718229.92,,Train
AURECON AUSTRALASIA PTY LTD,2024-03-01,4132531.8299999996,,Train
AURECON AUSTRALASIA PTY LTD,2024-04-01,1201135.09,,Train
AURECON AUSTRALASIA PTY LTD,2024-05-01,2944121.22,,Train
AURECON AUSTRALASIA PTY LTD,2024-06-01,362874.42,2055143.784528739,Test
AURECON AUSTRALASIA PTY LTD,2024-07-01,985527.4600000001,2111877.1773472475,Test
AURECON AUSTRALASIA PTY LTD,2024-08-01,609108.71,2170176.727183538,Test
AURECON AUSTRALASIA PTY LTD,2024-09-01,337196.25,2230085.66867744,Test
AURECON AUSTRALASIA PTY LTD,2024-10-01,1780474.39,2291648.4299851675,Test
AURECON AUSTRALASIA PTY LTD,2024-11-01,905147.91,2354910.665727023,Test
AURECON AUSTRALASIA PTY LTD,2024-12-01,1414909.1500000001,2419919.290844619,Test
AURECON AUSTRALASIA PTY LTD,2025-01-01,422458.66000000003,2486722.5153927524,Test
AURECON AUSTRALASIA PTY LTD,2025-02-01,367885.11,2555369.880291723,Test
AURECON AUSTRALASIA PTY LTD,2025-03-01,352181.38,2625912.29406664,Test
AURECON AUSTRALASIA PTY LTD,2025-04-01,503166.42000000004,2698402.0706008864,Test
AURECON AUSTRALASIA PTY LTD,2025-05-01,425903.88,2772892.967931839,Test
BGIS,2020-09-01,833082.77,,Train
BGIS,2020-10-01,2031276.65,,Train
BGIS,2020-11-01,378418.98,,Train
BGIS,2020-12-01,2861272.41,,Train
BGIS,2021-01-01,841202.5,,Train
BGIS,2021-02-01,1867275.32,,Train
BGIS,2021-03-01,2684101.65,,Train
BGIS,2021-04-01,1988531.42,,Train
BGIS,2021-05-01,1090455.07,,Train
BGIS,2021-06-01,2041519.97,,Train
BGIS,2021-07-01,1091163.39,,Train
BGIS,2021-08-01,4700.0,,Train
BGIS,2021-09-01,691509.95,,Train
BGIS,2021-10-01,1217275.81,,Train
BGIS,2021-11-01,1455960.6199999999,,Train
BGIS,2021-12-01,1646364.46,,Train
BGIS,2022-01-01,0.0,,Train
BGIS,2022-02-01,970250.6799999999,,Train
BGIS,2022-03-01,820005.7,,Train
BGIS,2022-04-01,1545589.72,,Train
BGIS,2022-05-01,1270937.09,,Train
BGIS,2022-06-01,1983060.85,,Train
BGIS,2022-07-01,1746414.84,,Train
BGIS,2022-08-01,891807.86,,Train
BGIS,2022-09-01,1222146.99,,Train
BGIS,2022-10-01,533372.48,,Train
BGIS,2022-11-01,733258.72,,Train
BGIS,2022-12-01,1192408.3599999999,,Train
BGIS,2023-01-01,15000.0,,Train
BGIS,2023-02-01,1746786.7800000003,,Train
BGIS,2023-03-01,14723.2,,Train
BGIS,2023-04-01,1780215.7400000002,,Train
BGIS,2023-05-01,1395953.1400000001,,Train
BGIS,2023-06-01,4149921.89,,Train
BGIS,2023-07-01,0.0,,Train
BGIS,2023-08-01,1584568.9,,Train
BGIS,2023-09-01,0.0,,Train
BGIS,2023-10-01,0.0,,Train
BGIS,2023-11-01,1698988.33,,Train
BGIS,2023-12-01,824181.46,,Train
BGIS,2024-01-01,809563.6,,Train
BGIS,2024-02-01,1684594.18,,Train
BGIS,2024-03-01,735528.3799999999,,Train
BGIS,2024-04-01,0.0,,Train
BGIS,2024-05-01,1887125.8299999998,,Train
BGIS,2024-06-01,761272.78,376.3146309648561,Test
BGIS,2024-07-01,1491386.07,306.45111125272496,Test
BGIS,2024-08-01,1158426.21,249.5578855045913,Test
BGIS,2024-09-01,1053851.12,203.22699422735056,Test
BGIS,2024-10-01,1146444.25,165.49752014116856,Test
BGIS,2024-11-01,1451201.52,134.7725939509586,Test
BGIS,2024-12-01,1857227.3399999999,109.75180815263246,Test
BGIS,2025-01-01,579670.17,89.37617834346473,Test
BGIS,2025-02-01,1796779.51,72.78332256880654,Test
BGIS,2025-03-01,827189.0,59.2709617074637,Test
BGIS,2025-04-01,827352.38,48.267196079246396,Test
BGIS,2025-05-01,1599734.0999999999,39.306300256286384,Test
TESLA MOTORS AUSTRALIA,2020-12-01,8292094.48,,Train
TESLA MOTORS AUSTRALIA,2021-01-01,0.0,,Train
TESLA MOTORS AUSTRALIA,2021-02-01,0.0,,Train
TESLA MOTORS AUSTRALIA,2021-03-01,0.0,,Train
TESLA MOTORS AUSTRALIA,2021-04-01,0.0,,Train
TESLA MOTORS AUSTRALIA,2021-05-01,0.0,,Train
TESLA MOTORS AUSTRALIA,2021-06-01,27640315.0,,Train
TESLA MOTORS AUSTRALIA,2021-07-01,1382015.75,,Train
TESLA MOTORS AUSTRALIA,2021-08-01,0.0,,Train
TESLA MOTORS AUSTRALIA,2021-09-01,0.0,,Train
TESLA MOTORS AUSTRALIA,2021-10-01,0.0,,Train
TESLA MOTORS AUSTRALIA,2021-11-01,6910078.75,,Train
TESLA MOTORS AUSTRALIA,2021-12-01,0.0,,Train
TESLA MOTORS AUSTRALIA,2022-01-01,0.0,,Train
TESLA MOTORS AUSTRALIA,2022-02-01,5528063.0,,Train
TESLA MOTORS AUSTRALIA,2022-03-01,250000.0,,Train
TESLA MOTORS AUSTRALIA,2022-04-01,522215.76,,Train
TESLA MOTORS AUSTRALIA,2022-05-01,0.0,,Train
TESLA MOTORS AUSTRALIA,2022-06-01,5528063.0,,Train
TESLA MOTORS AUSTRALIA,2022-07-01,0.0,,Train
TESLA MOTORS AUSTRALIA,2022-08-01,933593.46,,Train
TESLA MOTORS AUSTRALIA,2022-09-01,6800.0,,Train
TESLA MOTORS AUSTRALIA,2022-10-01,0.0,,Train
TESLA MOTORS AUSTRALIA,2022-11-01,0.0,,Train
TESLA MOTORS AUSTRALIA,2022-12-01,0.0,,Train
TESLA MOTORS AUSTRALIA,2023-01-01,0.0,,Train
TESLA MOTORS AUSTRALIA,2023-02-01,254517.03,,Train
TESLA MOTORS AUSTRALIA,2023-03-01,0.0,,Train
TESLA MOTORS AUSTRALIA,2023-04-01,0.0,,Train
TESLA MOTORS AUSTRALIA,2023-05-01,0.0,,Train
TESLA MOTORS AUSTRALIA,2023-06-01,0.0,,Train
TESLA MOTORS AUSTRALIA,2023-07-01,0.0,,Train
TESLA MOTORS AUSTRALIA,2023-08-01,0.0,,Train
TESLA MOTORS AUSTRALIA,2023-09-01,0.0,,Train
TESLA MOTORS AUSTRALIA,2023-10-01,0.0,,Train
TESLA MOTORS AUSTRALIA,2023-11-01,0.0,,Train
TESLA MOTORS AUSTRALIA,2023-12-01,0.0,,Train
TESLA MOTORS AUSTRALIA,2024-01-01,0.0,,Train
TESLA MOTORS AUSTRALIA,2024-02-01,0.0,,Train
TESLA MOTORS AUSTRALIA,2024-03-01,113000.0,3.327348046837537e-06,Test
TESLA MOTORS AUSTRALIA,2024-04-01,0.0,2.3850561106558556e-06,Test
TESLA MOTORS AUSTRALIA,2024-05-01,263029.89,1.7096175605625108e-06,Test
TESLA MOTORS AUSTRALIA,2024-06-01,0.0,1.2254605626783286e-06,Test
TESLA MOTORS AUSTRALIA,2024-07-01,0.0,8.784149305215185e-07,Test
TESLA MOTORS AUSTRALIA,2024-08-01,0.0,6.29651262278658e-07,Test
TESLA MOTORS AUSTRALIA,2024-09-01,0.0,4.513364906647565e-07,Test
TESLA MOTORS AUSTRALIA,2024-10-01,0.0,3.2351976404904926e-07,Test
TESLA MOTORS AUSTRALIA,2024-11-01,0.0,2.3190023385034816e-07,Test
TESLA MOTORS AUSTRALIA,2024-12-01,0.0,1.6622699580014822e-07,Test
TESLA MOTORS AUSTRALIA,2025-01-01,0.0,1.191521615738162e-07,Test
TESLA MOTORS AUSTRALIA,2025-02-01,79716.06,8.540873604418558e-08,Test
SIEMENS ENERGY - Substation Equipment,2020-12-01,714230.04,,Train
SIEMENS ENERGY - Substation Equipment,2021-01-01,0.0,,Train
SIEMENS ENERGY - Substation Equipment,2021-02-01,711476.9299999999,,Train
SIEMENS ENERGY - Substation Equipment,2021-03-01,6812204.7,,Train
SIEMENS ENERGY - Substation Equipment,2021-04-01,146361.21,,Train
SIEMENS ENERGY - Substation Equipment,2021-05-01,0.0,,Train
SIEMENS ENERGY - Substation Equipment,2021-06-01,8554243.95,,Train
SIEMENS ENERGY - Substation Equipment,2021-07-01,314952.68,,Train
SIEMENS ENERGY - Substation Equipment,2021-08-01,34588.0,,Train
SIEMENS ENERGY - Substation Equipment,2021-09-01,69176.0,,Train
SIEMENS ENERGY - Substation Equipment,2021-10-01,1700085.2400000002,,Train
SIEMENS ENERGY - Substation Equipment,2021-11-01,3500.38,,Train
SIEMENS ENERGY - Substation Equipment,2021-12-01,9010937.959999999,,Train
SIEMENS ENERGY - Substation Equipment,2022-01-01,77927.18,,Train
SIEMENS ENERGY - Substation Equipment,2022-02-01,0.0,,Train
SIEMENS ENERGY - Substation Equipment,2022-03-01,0.0,,Train
SIEMENS ENERGY - Substation Equipment,2022-04-01,103785.6,,Train
SIEMENS ENERGY - Substation Equipment,2022-05-01,98518.8,,Train
SIEMENS ENERGY - Substation Equipment,2022-06-01,1848116.4,,Train
SIEMENS ENERGY - Substation Equipment,2022-07-01,6167821.63,,Train
SIEMENS ENERGY - Substation Equipment,2022-08-01,4293871.92,,Train
SIEMENS ENERGY - Substation Equipment,2022-09-01,3461976.1999999997,,Train
SIEMENS ENERGY - Substation Equipment,2022-10-01,7137.91,,Train
SIEMENS ENERGY - Substation Equipment,2022-11-01,3866.39,,Train
SIEMENS ENERGY - Substation Equipment,2022-12-01,151900.36,,Train
SIEMENS ENERGY - Substation Equipment,2023-01-01,739969.11,,Train
SIEMENS ENERGY - Substation Equipment,2023-02-01,58405.99,,Train
SIEMENS ENERGY - Substation Equipment,2023-03-01,1314741.8199999998,,Train
SIEMENS ENERGY - Substation Equipment,2023-04-01,400133.46,,Train
SIEMENS ENERGY - Substation Equipment,2023-05-01,66052.88,,Train
SIEMENS ENERGY - Substation Equipment,2023-06-01,1457702.49,,Train
SIEMENS ENERGY - Substation Equipment,2023-07-01,1500546.87,,Train
SIEMENS ENERGY - Substation Equipment,2023-08-01,459659.81,,Train
SIEMENS ENERGY - Substation Equipment,2023-09-01,5980.0,,Train
SIEMENS ENERGY - Substation Equipment,2023-10-01,0.0,,Train
SIEMENS ENERGY - Substation Equipment,2023-11-01,1127286.06,,Train
SIEMENS ENERGY - Substation Equipment,2023-12-01,233052.0,,Train
SIEMENS ENERGY - Substation Equipment,2024-01-01,7708.989999999998,,Train
SIEMENS ENERGY - Substation Equipment,2024-02-01,561486.8,,Train
SIEMENS ENERGY - Substation Equipment,2024-03-01,2828874.6,,Train
SIEMENS ENERGY - Substation Equipment,2024-04-01,433677.69,,Train
SIEMENS ENERGY - Substation Equipment,2024-05-01,0.0,,Train
SIEMENS ENERGY - Substation Equipment,2024-06-01,84211.59,16923.694797543227,Test
SIEMENS ENERGY - Substation Equipment,2024-07-01,0.0,17605.99468405955,Test
SIEMENS ENERGY - Substation Equipment,2024-08-01,3279.0,18315.802342413488,Test
SIEMENS ENERGY - Substation Equipment,2024-09-01,26667.48,19054.226782772595,Test
SIEMENS ENERGY - Substation Equipment,2024-10-01,84755.62,19822.421726434033,Test
SIEMENS ENERGY - Substation Equipment,2024-11-01,4081.44,20621.58740840958,Test
SIEMENS ENERGY - Substation Equipment,2024-12-01,11656.84,21452.972452684127,Test
SIEMENS ENERGY - Substation Equipment,2025-01-01,24142.14,22317.87582307752,Test
SIEMENS ENERGY - Substation Equipment,2025-02-01,0.0,23217.64885275788,Test
SIEMENS ENERGY - Substation Equipment,2025-03-01,824792.22,24153.697355577267,Test
SIEMENS ENERGY - Substation Equipment,2025-04-01,83330.0,25127.48382252847,Test
SIEMENS ENERGY - Substation Equipment,2025-05-01,105729.6,26140.529706754696,Test
TEC-C INVESTMENTS PTY LTD,2022-11-01,641959.8899999999,,Train
TEC-C INVESTMENTS PTY LTD,2022-12-01,1485969.18,,Train
TEC-C INVESTMENTS PTY LTD,2023-01-01,1411145.59,,Train
TEC-C INVESTMENTS PTY LTD,2023-02-01,889199.35,,Train
TEC-C INVESTMENTS PTY LTD,2023-03-01,1867996.95,,Train
TEC-C INVESTMENTS PTY LTD,2023-04-01,0.0,,Train
TEC-C INVESTMENTS PTY LTD,2023-05-01,3323814.19,,Train
TEC-C INVESTMENTS PTY LTD,2023-06-01,85402.86,,Train
TEC-C INVESTMENTS PTY LTD,2023-07-01,0.0,,Train
TEC-C INVESTMENTS PTY LTD,2023-08-01,0.0,,Train
TEC-C INVESTMENTS PTY LTD,2023-09-01,0.0,,Train
TEC-C INVESTMENTS PTY LTD,2023-10-01,0.0,,Train
TEC-C INVESTMENTS PTY LTD,2023-11-01,0.0,,Train
TEC-C INVESTMENTS PTY LTD,2023-12-01,125000.0,,Train
TEC-C INVESTMENTS PTY LTD,2024-01-01,0.0,,Train
TEC-C INVESTMENTS PTY LTD,2024-02-01,0.0,,Train
TEC-C INVESTMENTS PTY LTD,2024-03-01,1138779.04,,Train
TEC-C INVESTMENTS PTY LTD,2024-04-01,295424.62,,Train
TEC-C INVESTMENTS PTY LTD,2024-05-01,362327.01,,Train
TEC-C INVESTMENTS PTY LTD,2024-06-01,305822.02999999997,6458086.237698478,Test
TEC-C INVESTMENTS PTY LTD,2024-07-01,68414.0,950680347.7920915,Test
TEC-C INVESTMENTS PTY LTD,2024-08-01,1994689.37,139947515473.28146,Test
TEC-C INVESTMENTS PTY LTD,2024-09-01,1859656.78,20601358945338.67,Test
TEC-C INVESTMENTS PTY LTD,2024-10-01,3201918.34,3032679708241869.0,Test
TEC-C INVESTMENTS PTY LTD,2024-11-01,4191485.2800000003,4.464339579337782e+17,Test
TEC-C INVESTMENTS PTY LTD,2024-12-01,5717676.39,6.5718538708448575e+19,Test
TEC-C INVESTMENTS PTY LTD,2025-01-01,8864617.21,9.674278251508976e+21,Test
TEC-C INVESTMENTS PTY LTD,2025-02-01,2607255.71,1.424128739423534e+24,Test
TEC-C INVESTMENTS PTY LTD,2025-03-01,3407414.23,2.0964278819825318e+26,Test
TEC-C INVESTMENTS PTY LTD,2025-04-01,2970771.48,3.086104326588382e+28,Test
TEC-C INVESTMENTS PTY LTD,2025-05-01,5598429.65,4.5429847582358604e+30,Test
Hitachi Energy Australia Pty Ltd.,2020-10-01,560623.5,,Train
Hitachi Energy Australia Pty Ltd.,2020-11-01,0.0,,Train
Hitachi Energy Australia Pty Ltd.,2020-12-01,1816326.0,,Train
Hitachi Energy Australia Pty Ltd.,2021-01-01,91450.0,,Train
Hitachi Energy Australia Pty Ltd.,2021-02-01,1173611.1400000001,,Train
Hitachi Energy Australia Pty Ltd.,2021-03-01,2173632.93,,Train
Hitachi Energy Australia Pty Ltd.,2021-04-01,1218855.84,,Train
Hitachi Energy Australia Pty Ltd.,2021-05-01,16366.0,,Train
Hitachi Energy Australia Pty Ltd.,2021-06-01,439046.0,,Train
Hitachi Energy Australia Pty Ltd.,2021-07-01,89703.38,,Train
Hitachi Energy Australia Pty Ltd.,2021-08-01,772220.74,,Train
Hitachi Energy Australia Pty Ltd.,2021-09-01,1297319.91,,Train
Hitachi Energy Australia Pty Ltd.,2021-10-01,39213.86,,Train
Hitachi Energy Australia Pty Ltd.,2021-11-01,366861.58,,Train
Hitachi Energy Australia Pty Ltd.,2021-12-01,751273.87,,Train
Hitachi Energy Australia Pty Ltd.,2022-01-01,99538.56,,Train
Hitachi Energy Australia Pty Ltd.,2022-02-01,838644.27,,Train
Hitachi Energy Australia Pty Ltd.,2022-03-01,144365.57,,Train
Hitachi Energy Australia Pty Ltd.,2022-04-01,937141.5000000001,,Train
Hitachi Energy Australia Pty Ltd.,2022-05-01,585447.3,,Train
Hitachi Energy Australia Pty Ltd.,2022-06-01,556863.23,,Train
Hitachi Energy Australia Pty Ltd.,2022-07-01,908457.9,,Train
Hitachi Energy Australia Pty Ltd.,2022-08-01,1006123.78,,Train
Hitachi Energy Australia Pty Ltd.,2022-09-01,401217.36,,Train
Hitachi Energy Australia Pty Ltd.,2022-10-01,201887.84,,Train
Hitachi Energy Australia Pty Ltd.,2022-11-01,1710242.83,,Train
Hitachi Energy Australia Pty Ltd.,2022-12-01,144701.16999999998,,Train
Hitachi Energy Australia Pty Ltd.,2023-01-01,1275620.68,,Train
Hitachi Energy Australia Pty Ltd.,2023-02-01,967152.47,,Train
Hitachi Energy Australia Pty Ltd.,2023-03-01,1260990.05,,Train
Hitachi Energy Australia Pty Ltd.,2023-04-01,514896.87,,Train
Hitachi Energy Australia Pty Ltd.,2023-05-01,391956.36,,Train
Hitachi Energy Australia Pty Ltd.,2023-06-01,2890327.14,,Train
Hitachi Energy Australia Pty Ltd.,2023-07-01,1425247.33,,Train
Hitachi Energy Australia Pty Ltd.,2023-08-01,130072.76,,Train
Hitachi Energy Australia Pty Ltd.,2023-09-01,1242048.12,,Train
Hitachi Energy Australia Pty Ltd.,2023-10-01,124750.0,,Train
Hitachi Energy Australia Pty Ltd.,2023-11-01,833027.24,,Train
Hitachi Energy Australia Pty Ltd.,2023-12-01,1060892.63,,Train
Hitachi Energy Australia Pty Ltd.,2024-01-01,2270635.9,,Train
Hitachi Energy Australia Pty Ltd.,2024-02-01,3071644.39,,Train
Hitachi Energy Australia Pty Ltd.,2024-03-01,800356.72,,Train
Hitachi Energy Australia Pty Ltd.,2024-04-01,469344.61,,Train
Hitachi Energy Australia Pty Ltd.,2024-05-01,148320.0,,Train
Hitachi Energy Australia Pty Ltd.,2024-06-01,2011473.04,2421671.5278684148,Test
Hitachi Energy Australia Pty Ltd.,2024-07-01,266382.03,2662821.8412974603,Test
Hitachi Energy Australia Pty Ltd.,2024-08-01,2217012.08,2927985.929095858,Test
Hitachi Energy Australia Pty Ltd.,2024-09-01,2035977.84,3219555.085520142,Test
Hitachi Energy Australia Pty Ltd.,2024-10-01,764909.11,3540158.7301682895,Test
Hitachi Energy Australia Pty Ltd.,2024-11-01,510102.95,3892688.120527065,Test
Hitachi Energy Australia Pty Ltd.,2024-12-01,663548.72,4280322.425817387,Test
Hitachi Energy Australia Pty Ltd.,2025-01-01,892991.71,4706557.3972760355,Test
Hitachi Energy Australia Pty Ltd.,2025-02-01,300477.16,5175236.893427168,Test
Hitachi Energy Australia Pty Ltd.,2025-03-01,138066.0,5690587.544643701,Test
Hitachi Energy Australia Pty Ltd.,2025-04-01,1695540.1900000002,6257256.869609567,Test
Hitachi Energy Australia Pty Ltd.,2025-05-01,720122.43,6880355.187423373,Test
HYOSUNG HEAVY INDUSTRIES CORPORATION,2021-04-01,3057751.0,,Train
HYOSUNG HEAVY INDUSTRIES CORPORATION,2021-05-01,15000.0,,Train
HYOSUNG HEAVY INDUSTRIES CORPORATION,2021-06-01,0.0,,Train
HYOSUNG HEAVY INDUSTRIES CORPORATION,2021-07-01,722627.0,,Train
HYOSUNG HEAVY INDUSTRIES CORPORATION,2021-08-01,108500.0,,Train
HYOSUNG HEAVY INDUSTRIES CORPORATION,2021-09-01,0.0,,Train
HYOSUNG HEAVY INDUSTRIES CORPORATION,2021-10-01,0.0,,Train
HYOSUNG HEAVY INDUSTRIES CORPORATION,2021-11-01,0.0,,Train
HYOSUNG HEAVY INDUSTRIES CORPORATION,2021-12-01,0.0,,Train
HYOSUNG HEAVY INDUSTRIES CORPORATION,2022-01-01,0.0,,Train
HYOSUNG HEAVY INDUSTRIES CORPORATION,2022-02-01,0.0,,Train
HYOSUNG HEAVY INDUSTRIES CORPORATION,2022-03-01,0.0,,Train
HYOSUNG HEAVY INDUSTRIES CORPORATION,2022-04-01,0.0,,Train
HYOSUNG HEAVY INDUSTRIES CORPORATION,2022-05-01,0.0,,Train
HYOSUNG HEAVY INDUSTRIES CORPORATION,2022-06-01,0.0,,Train
HYOSUNG HEAVY INDUSTRIES CORPORATION,2022-07-01,0.0,,Train
HYOSUNG HEAVY INDUSTRIES CORPORATION,2022-08-01,0.0,,Train
HYOSUNG HEAVY INDUSTRIES CORPORATION,2022-09-01,0.0,,Train
HYOSUNG HEAVY INDUSTRIES CORPORATION,2022-10-01,9356792.0,,Train
HYOSUNG HEAVY INDUSTRIES CORPORATION,2022-11-01,0.0,,Train
HYOSUNG HEAVY INDUSTRIES CORPORATION,2022-12-01,0.0,,Train
HYOSUNG HEAVY INDUSTRIES CORPORATION,2023-01-01,1837276.0,,Train
HYOSUNG HEAVY INDUSTRIES CORPORATION,2023-02-01,0.0,,Train
HYOSUNG HEAVY INDUSTRIES CORPORATION,2023-03-01,363912.0,,Train
HYOSUNG HEAVY INDUSTRIES CORPORATION,2023-04-01,0.0,,Train
HYOSUNG HEAVY INDUSTRIES CORPORATION,2023-05-01,367780.0,,Train
HYOSUNG HEAVY INDUSTRIES CORPORATION,2023-06-01,15552470.0,,Train
HYOSUNG HEAVY INDUSTRIES CORPORATION,2023-07-01,0.0,,Train
HYOSUNG HEAVY INDUSTRIES CORPORATION,2023-08-01,69390.0,,Train
HYOSUNG HEAVY INDUSTRIES CORPORATION,2023-09-01,0.0,,Train
HYOSUNG HEAVY INDUSTRIES CORPORATION,2023-10-01,0.0,,Train
HYOSUNG HEAVY INDUSTRIES CORPORATION,2023-11-01,0.0,,Train
HYOSUNG HEAVY INDUSTRIES CORPORATION,2023-12-01,0.0,,Train
HYOSUNG HEAVY INDUSTRIES CORPORATION,2024-01-01,0.0,,Train
HYOSUNG HEAVY INDUSTRIES CORPORATION,2024-02-01,0.0,,Train
HYOSUNG HEAVY INDUSTRIES CORPORATION,2024-03-01,0.0,,Train
HYOSUNG HEAVY INDUSTRIES CORPORATION,2024-04-01,308224.48,,Train
HYOSUNG HEAVY INDUSTRIES CORPORATION,2024-05-01,0.0,,Train
HYOSUNG HEAVY INDUSTRIES CORPORATION,2024-06-01,743800.0,0.00012932800382262611,Test
HYOSUNG HEAVY INDUSTRIES CORPORATION,2024-07-01,0.0,9.776817885538419e-05,Test
HYOSUNG HEAVY INDUSTRIES CORPORATION,2024-08-01,15000.0,7.390987654775882e-05,Test
HYOSUNG HEAVY INDUSTRIES CORPORATION,2024-09-01,0.0,5.587369955397429e-05,Test
HYOSUNG HEAVY INDUSTRIES CORPORATION,2024-10-01,0.0,4.2238878586551396e-05,Test
HYOSUNG HEAVY INDUSTRIES CORPORATION,2024-11-01,0.0,3.193135372262146e-05,Test
HYOSUNG HEAVY INDUSTRIES CORPORATION,2024-12-01,0.0,2.4139167153074216e-05,Test
HYOSUNG HEAVY INDUSTRIES CORPORATION,2025-01-01,735560.0,1.824850258168821e-05,Test
HYOSUNG HEAVY INDUSTRIES CORPORATION,2025-02-01,375000.0,1.3795332886266164e-05,Test
HYOSUNG HEAVY INDUSTRIES CORPORATION,2025-03-01,0.0,1.0428867168195392e-05,Test
HYOSUNG HEAVY INDUSTRIES CORPORATION,2025-04-01,1377454.5,7.883917793686606e-06,Test
HYOSUNG HEAVY INDUSTRIES CORPORATION,2025-05-01,6432623.5,5.96001068717838e-06,Test
TOSHIBA INTERNATIONAL,2022-09-01,3676.64,,Train
TOSHIBA INTERNATIONAL,2022-10-01,7353.36,,Train
TOSHIBA INTERNATIONAL,2022-11-01,0.0,,Train
TOSHIBA INTERNATIONAL,2022-12-01,0.0,,Train
TOSHIBA INTERNATIONAL,2023-01-01,0.0,,Train
TOSHIBA INTERNATIONAL,2023-02-01,0.0,,Train
TOSHIBA INTERNATIONAL,2023-03-01,0.0,,Train
TOSHIBA INTERNATIONAL,2023-04-01,0.0,,Train
TOSHIBA INTERNATIONAL,2023-05-01,0.0,,Train
TOSHIBA INTERNATIONAL,2023-06-01,87757.8,,Train
TOSHIBA INTERNATIONAL,2023-07-01,1012450.8,,Train
TOSHIBA INTERNATIONAL,2023-08-01,162812.05,,Train
TOSHIBA INTERNATIONAL,2023-09-01,2199146.15,,Train
TOSHIBA INTERNATIONAL,2023-10-01,0.0,,Train
TOSHIBA INTERNATIONAL,2023-11-01,1056520.58,,Train
TOSHIBA INTERNATIONAL,2023-12-01,0.0,,Train
TOSHIBA INTERNATIONAL,2024-01-01,5568549.92,,Train
TOSHIBA INTERNATIONAL,2024-02-01,2425738.6500000004,,Train
TOSHIBA INTERNATIONAL,2024-03-01,99363.6,,Train
TOSHIBA INTERNATIONAL,2024-04-01,3543577.82,,Train
TOSHIBA INTERNATIONAL,2024-05-01,0.0,,Train
TOSHIBA INTERNATIONAL,2024-06-01,1019438.97,4365.914073027302,Test
TOSHIBA INTERNATIONAL,2024-07-01,565978.37,9294.779895456011,Test
TOSHIBA INTERNATIONAL,2024-08-01,1663141.01,19788.05167942044,Test
TOSHIBA INTERNATIONAL,2024-09-01,4822339.67,42127.62364161433,Test
TOSHIBA INTERNATIONAL,2024-10-01,1689338.3399999999,89687.28717922379,Test
TOSHIBA INTERNATIONAL,2024-11-01,1821841.9600000002,190939.0747980087,Test
TOSHIBA INTERNATIONAL,2024-12-01,536953.08,406498.30573942396,Test
TOSHIBA INTERNATIONAL,2025-01-01,3218893.68,865411.5075388692,Test
TOSHIBA INTERNATIONAL,2025-02-01,530675.15,1842411.313420797,Test
TOSHIBA INTERNATIONAL,2025-03-01,524951.28,3922387.6944673914,Test
TOSHIBA INTERNATIONAL,2025-04-01,4462542.87,8350537.751064814,Test
TOSHIBA INTERNATIONAL,2025-05-01,2143363.71,17777814.475176953,Test
AON RISK SERVICES AUSTRALIA LTD,2021-01-01,10500.0,,Train
AON RISK SERVICES AUSTRALIA LTD,2021-02-01,0.0,,Train
AON RISK SERVICES AUSTRALIA LTD,2021-03-01,0.0,,Train
AON RISK SERVICES AUSTRALIA LTD,2021-04-01,0.0,,Train
AON RISK SERVICES AUSTRALIA LTD,2021-05-01,0.0,,Train
AON RISK SERVICES AUSTRALIA LTD,2021-06-01,0.0,,Train
AON RISK SERVICES AUSTRALIA LTD,2021-07-01,10000.0,,Train
AON RISK SERVICES AUSTRALIA LTD,2021-08-01,0.0,,Train
AON RISK SERVICES AUSTRALIA LTD,2021-09-01,10000.0,,Train
AON RISK SERVICES AUSTRALIA LTD,2021-10-01,0.0,,Train
AON RISK SERVICES AUSTRALIA LTD,2021-11-01,0.0,,Train
AON RISK SERVICES AUSTRALIA LTD,2021-12-01,0.0,,Train
AON RISK SERVICES AUSTRALIA LTD,2022-01-01,0.0,,Train
AON RISK SERVICES AUSTRALIA LTD,2022-02-01,0.0,,Train
AON RISK SERVICES AUSTRALIA LTD,2022-03-01,0.0,,Train
AON RISK SERVICES AUSTRALIA LTD,2022-04-01,0.0,,Train
AON RISK SERVICES AUSTRALIA LTD,2022-05-01,0.0,,Train
AON RISK SERVICES AUSTRALIA LTD,2022-06-01,0.0,,Train
AON RISK SERVICES AUSTRALIA LTD,2022-07-01,0.0,,Train
AON RISK SERVICES AUSTRALIA LTD,2022-08-01,0.0,,Train
AON RISK SERVICES AUSTRALIA LTD,2022-09-01,0.0,,Train
AON RISK SERVICES AUSTRALIA LTD,2022-10-01,0.0,,Train
AON RISK SERVICES AUSTRALIA LTD,2022-11-01,0.0,,Train
AON RISK SERVICES AUSTRALIA LTD,2022-12-01,0.0,,Train
AON RISK SERVICES AUSTRALIA LTD,2023-01-01,0.0,,Train
AON RISK SERVICES AUSTRALIA LTD,2023-02-01,0.0,,Train
AON RISK SERVICES AUSTRALIA LTD,2023-03-01,0.0,,Train
AON RISK SERVICES AUSTRALIA LTD,2023-04-01,0.0,,Train
AON RISK SERVICES AUSTRALIA LTD,2023-05-01,0.0,,Train
AON RISK SERVICES AUSTRALIA LTD,2023-06-01,0.0,,Train
AON RISK SERVICES AUSTRALIA LTD,2023-07-01,1428976.48,,Train
AON RISK SERVICES AUSTRALIA LTD,2023-08-01,86768.85,,Train
AON RISK SERVICES AUSTRALIA LTD,2023-09-01,7500.0,,Train
AON RISK SERVICES AUSTRALIA LTD,2023-10-01,0.0,,Train
AON RISK SERVICES AUSTRALIA LTD,2023-11-01,47400.0,,Train
AON RISK SERVICES AUSTRALIA LTD,2023-12-01,1861190.53,,Train
AON RISK SERVICES AUSTRALIA LTD,2024-01-01,0.0,,Train
AON RISK SERVICES AUSTRALIA LTD,2024-02-01,35717.5,,Train
AON RISK SERVICES AUSTRALIA LTD,2024-03-01,0.0,,Train
AON RISK SERVICES AUSTRALIA LTD,2024-04-01,10500.0,0.3976793966060628,Test
AON RISK SERVICES AUSTRALIA LTD,2024-05-01,0.0,0.4770829599055485,Test
AON RISK SERVICES AUSTRALIA LTD,2024-06-01,0.0,0.5723408166848171,Test
AON RISK SERVICES AUSTRALIA LTD,2024-07-01,161770.53,0.6866185505940003,Test
AON RISK SERVICES AUSTRALIA LTD,2024-08-01,0.0,0.8237138087592073,Test
AON RISK SERVICES AUSTRALIA LTD,2024-09-01,1379148.02,0.9881825041773472,Test
AON RISK SERVICES AUSTRALIA LTD,2024-10-01,611353.0,1.1854902165998171,Test
AON RISK SERVICES AUSTRALIA LTD,2024-11-01,0.0,1.4221938232187714,Test
AON RISK SERVICES AUSTRALIA LTD,2024-12-01,0.0,1.706159395058426,Test
AON RISK SERVICES AUSTRALIA LTD,2025-01-01,0.0,2.0468236001460594,Test
AON RISK SERVICES AUSTRALIA LTD,2025-02-01,0.0,2.4555073003430667,Test
AON RISK SERVICES AUSTRALIA LTD,2025-03-01,24416027.66,2.945791763202181,Test
AStar Rigging,2021-04-01,240948.44,,Train
AStar Rigging,2021-05-01,495503.42,,Train
AStar Rigging,2021-06-01,510679.38,,Train
AStar Rigging,2021-07-01,39024.08,,Train
AStar Rigging,2021-08-01,958228.22,,Train
AStar Rigging,2021-09-01,253290.56,,Train
AStar Rigging,2021-10-01,537092.26,,Train
AStar Rigging,2021-11-01,567718.6599999999,,Train
AStar Rigging,2021-12-01,582634.0,,Train
AStar Rigging,2022-01-01,353580.73,,Train
AStar Rigging,2022-02-01,436634.13,,Train
AStar Rigging,2022-03-01,514537.66000000003,,Train
AStar Rigging,2022-04-01,338417.06,,Train
AStar Rigging,2022-05-01,411138.31,,Train
AStar Rigging,2022-06-01,586975.28,,Train
AStar Rigging,2022-07-01,68681.48999999999,,Train
AStar Rigging,2022-08-01,0.0,,Train
AStar Rigging,2022-09-01,69079.5,,Train
AStar Rigging,2022-10-01,247661.47,,Train
AStar Rigging,2022-11-01,669844.8,,Train
AStar Rigging,2022-12-01,1088756.44,,Train
AStar Rigging,2023-01-01,568941.8300000001,,Train
AStar Rigging,2023-02-01,632762.99,,Train
AStar Rigging,2023-03-01,499937.89,,Train
AStar Rigging,2023-04-01,394405.26,,Train
AStar Rigging,2023-05-01,1019226.3500000001,,Train
AStar Rigging,2023-06-01,1301058.33,,Train
AStar Rigging,2023-07-01,572373.5900000001,,Train
AStar Rigging,2023-08-01,29222.0,,Train
AStar Rigging,2023-09-01,298254.23,,Train
AStar Rigging,2023-10-01,581135.72,,Train
AStar Rigging,2023-11-01,894187.97,,Train
AStar Rigging,2023-12-01,125814.5,,Train
AStar Rigging,2024-01-01,922104.26,,Train
AStar Rigging,2024-02-01,499234.37,,Train
AStar Rigging,2024-03-01,316055.08,,Train
AStar Rigging,2024-04-01,200607.54,,Train
AStar Rigging,2024-05-01,559170.2100000001,,Train
AStar Rigging,2024-06-01,748019.99,280004.32716817467,Test
AStar Rigging,2024-07-01,443099.74,285749.54889527825,Test
AStar Rigging,2024-08-01,569475.45,291612.65298879874,Test
AStar Rigging,2024-09-01,464787.37,297596.0581982588,Test
AStar Rigging,2024-10-01,914535.4,303702.23290188797,Test
AStar Rigging,2024-11-01,606804.0,309933.6961249181,Test
AStar Rigging,2024-12-01,458150.93,316293.0185787776,Test
AStar Rigging,2025-01-01,1307830.1400000001,322782.82372160506,Test
AStar Rigging,2025-02-01,1057368.74,329405.78884052404,Test
AStar Rigging,2025-03-01,1146200.61,336164.64615612343,Test
AStar Rigging,2025-04-01,1279060.44,343062.18394960277,Test
AStar Rigging,2025-05-01,2253690.14,350101.24771303905,Test
AUSTRALIAN ENERGY MARKET,2020-10-01,68672.5,,Train
AUSTRALIAN ENERGY MARKET,2020-11-01,161755.5,,Train
AUSTRALIAN ENERGY MARKET,2020-12-01,58010.0,,Train
AUSTRALIAN ENERGY MARKET,2021-01-01,119883.0,,Train
AUSTRALIAN ENERGY MARKET,2021-02-01,102749.5,,Train
AUSTRALIAN ENERGY MARKET,2021-03-01,195590.33000000002,,Train
AUSTRALIAN ENERGY MARKET,2021-04-01,226287.75,,Train
AUSTRALIAN ENERGY MARKET,2021-05-01,224254.5,,Train
AUSTRALIAN ENERGY MARKET,2021-06-01,758394.75,,Train
AUSTRALIAN ENERGY MARKET,2021-07-01,502082.25,,Train
AUSTRALIAN ENERGY MARKET,2021-08-01,483789.16000000003,,Train
AUSTRALIAN ENERGY MARKET,2021-09-01,477837.25,,Train
AUSTRALIAN ENERGY MARKET,2021-10-01,188916.0,,Train
AUSTRALIAN ENERGY MARKET,2021-11-01,0.0,,Train
AUSTRALIAN ENERGY MARKET,2021-12-01,1197863.05,,Train
AUSTRALIAN ENERGY MARKET,2022-01-01,276337.0,,Train
AUSTRALIAN ENERGY MARKET,2022-02-01,222883.35,,Train
AUSTRALIAN ENERGY MARKET,2022-03-01,316798.5,,Train
AUSTRALIAN ENERGY MARKET,2022-04-01,360423.5,,Train
AUSTRALIAN ENERGY MARKET,2022-05-01,343266.6,,Train
AUSTRALIAN ENERGY MARKET,2022-06-01,315046.45,,Train
AUSTRALIAN ENERGY MARKET,2022-07-01,463819.49,,Train
AUSTRALIAN ENERGY MARKET,2022-08-01,428689.75,,Train
AUSTRALIAN ENERGY MARKET,2022-09-01,392258.55,,Train
AUSTRALIAN ENERGY MARKET,2022-10-01,587844.3,,Train
AUSTRALIAN ENERGY MARKET,2022-11-01,319758.0,,Train
AUSTRALIAN ENERGY MARKET,2022-12-01,216965.72,,Train
AUSTRALIAN ENERGY MARKET,2023-01-01,421375.9,,Train
AUSTRALIAN ENERGY MARKET,2023-02-01,470897.6,,Train
AUSTRALIAN ENERGY MARKET,2023-03-01,664082.96,,Train
AUSTRALIAN ENERGY MARKET,2023-04-01,720258.7,,Train
AUSTRALIAN ENERGY MARKET,2023-05-01,715841.1,,Train
AUSTRALIAN ENERGY MARKET,2023-06-01,738814.6,,Train
AUSTRALIAN ENERGY MARKET,2023-07-01,508479.92,,Train
AUSTRALIAN ENERGY MARKET,2023-08-01,748948.46,,Train
AUSTRALIAN ENERGY MARKET,2023-09-01,538173.5,,Train
AUSTRALIAN ENERGY MARKET,2023-10-01,84014.5,,Train
AUSTRALIAN ENERGY MARKET,2023-11-01,1052943.9,,Train
AUSTRALIAN ENERGY MARKET,2023-12-01,576325.46,,Train
AUSTRALIAN ENERGY MARKET,2024-01-01,742776.86,,Train
AUSTRALIAN ENERGY MARKET,2024-02-01,858610.26,,Train
AUSTRALIAN ENERGY MARKET,2024-03-01,471914.59,,Train
AUSTRALIAN ENERGY MARKET,2024-04-01,536625.02,,Train
AUSTRALIAN ENERGY MARKET,2024-05-01,865652.72,,Train
AUSTRALIAN ENERGY MARKET,2024-06-01,831986.08,899183.937460095,Test
AUSTRALIAN ENERGY MARKET,2024-07-01,566971.62,960862.7692495983,Test
AUSTRALIAN ENERGY MARKET,2024-08-01,781174.4,1026772.4131482072,Test
AUSTRALIAN ENERGY MARKET,2024-09-01,714526.68,1097203.0784640913,Test
AUSTRALIAN ENERGY MARKET,2024-10-01,1396795.59,1172464.8811900958,Test
AUSTRALIAN ENERGY MARKET,2024-11-01,12304.34,1252889.2094874785,Test
AUSTRALIAN ENERGY MARKET,2024-12-01,839007.34,1338830.182833984,Test
AUSTRALIAN ENERGY MARKET,2025-01-01,745062.84,1430666.2112610315,Test
AUSTRALIAN ENERGY MARKET,2025-02-01,754641.09,1528801.661545597,Test
AUSTRALIAN ENERGY MARKET,2025-03-01,1032407.34,1633668.6376932568,Test
AUSTRALIAN ENERGY MARKET,2025-04-01,12304.34,1745728.883552065,Test
AUSTRALIAN ENERGY MARKET,2025-05-01,988263.86,1865475.815934814,Test
ACTIVE TREE SERVICES PTY LTD_029463,2021-03-01,489830.38,,Train
ACTIVE TREE SERVICES PTY LTD_029463,2021-04-01,311188.24,,Train
ACTIVE TREE SERVICES PTY LTD_029463,2021-05-01,0.0,,Train
ACTIVE TREE SERVICES PTY LTD_029463,2021-06-01,1285595.71,,Train
ACTIVE TREE SERVICES PTY LTD_029463,2021-07-01,265365.35,,Train
ACTIVE TREE SERVICES PTY LTD_029463,2021-08-01,347167.28,,Train
ACTIVE TREE SERVICES PTY LTD_029463,2021-09-01,589951.53,,Train
ACTIVE TREE SERVICES PTY LTD_029463,2021-10-01,469365.19,,Train
ACTIVE TREE SERVICES PTY LTD_029463,2021-11-01,409517.25,,Train
ACTIVE TREE SERVICES PTY LTD_029463,2021-12-01,524821.84,,Train
ACTIVE TREE SERVICES PTY LTD_029463,2022-01-01,307250.76999999996,,Train
ACTIVE TREE SERVICES PTY LTD_029463,2022-02-01,413206.72,,Train
ACTIVE TREE SERVICES PTY LTD_029463,2022-03-01,755514.03,,Train
ACTIVE TREE SERVICES PTY LTD_029463,2022-04-01,318007.41000000003,,Train
ACTIVE TREE SERVICES PTY LTD_029463,2022-05-01,266590.68,,Train
ACTIVE TREE SERVICES PTY LTD_029463,2022-06-01,1072638.87,,Train
ACTIVE TREE SERVICES PTY LTD_029463,2022-07-01,724412.55,,Train
ACTIVE TREE SERVICES PTY LTD_029463,2022-08-01,441104.43,,Train
ACTIVE TREE SERVICES PTY LTD_029463,2022-09-01,412922.27,,Train
ACTIVE TREE SERVICES PTY LTD_029463,2022-10-01,582028.0599999999,,Train
ACTIVE TREE SERVICES PTY LTD_029463,2022-11-01,414405.85,,Train
ACTIVE TREE SERVICES PTY LTD_029463,2022-12-01,596704.53,,Train
ACTIVE TREE SERVICES PTY LTD_029463,2023-01-01,645171.9299999999,,Train
ACTIVE TREE SERVICES PTY LTD_029463,2023-02-01,476609.70999999996,,Train
ACTIVE TREE SERVICES PTY LTD_029463,2023-03-01,482250.25,,Train
ACTIVE TREE SERVICES PTY LTD_029463,2023-04-01,696512.62,,Train
ACTIVE TREE SERVICES PTY LTD_029463,2023-05-01,582850.24,,Train
ACTIVE TREE SERVICES PTY LTD_029463,2023-06-01,660698.7899999999,,Train
ACTIVE TREE SERVICES PTY LTD_029463,2023-07-01,980397.6499999999,,Train
ACTIVE TREE SERVICES PTY LTD_029463,2023-08-01,726854.49,,Train
ACTIVE TREE SERVICES PTY LTD_029463,2023-09-01,991247.38,,Train
ACTIVE TREE SERVICES PTY LTD_029463,2023-10-01,0.0,,Train
ACTIVE TREE SERVICES PTY LTD_029463,2023-11-01,634295.33,,Train
ACTIVE TREE SERVICES PTY LTD_029463,2023-12-01,997138.9,,Train
ACTIVE TREE SERVICES PTY LTD_029463,2024-01-01,0.0,,Train
ACTIVE TREE SERVICES PTY LTD_029463,2024-02-01,533293.7000000001,,Train
ACTIVE TREE SERVICES PTY LTD_029463,2024-03-01,664061.97,,Train
ACTIVE TREE SERVICES PTY LTD_029463,2024-04-01,963429.37,,Train
ACTIVE TREE SERVICES PTY LTD_029463,2024-05-01,500611.61000000004,,Train
ACTIVE TREE SERVICES PTY LTD_029463,2024-06-01,606099.7899999999,30505.572290372613,Test
ACTIVE TREE SERVICES PTY LTD_029463,2024-07-01,622422.64,29284.220491620006,Test
ACTIVE TREE SERVICES PTY LTD_029463,2024-08-01,678749.97,28111.767962879963,Test
ACTIVE TREE SERVICES PTY LTD_029463,2024-09-01,364838.51,26986.256923756955,Test
ACTIVE TREE SERVICES PTY LTD_029463,2024-10-01,627563.83,25905.807977521894,Test
ACTIVE TREE SERVICES PTY LTD_029463,2024-11-01,372482.27,24868.61697286497,Test
ACTIVE TREE SERVICES PTY LTD_029463,2024-12-01,1020312.4500000001,23872.951991294245,Test
ACTIVE TREE SERVICES PTY LTD_029463,2025-01-01,0.0,22917.150455149855,Test
ACTIVE TREE SERVICES PTY LTD_029463,2025-02-01,672866.18,21999.616351404617,Test
ACTIVE TREE SERVICES PTY LTD_029463,2025-03-01,786876.98,21118.817566615548,Test
ACTIVE TREE SERVICES PTY LTD_029463,2025-04-01,547079.19,20273.28332857556,Test
ACTIVE TREE SERVICES PTY LTD_029463,2025-05-01,381016.72,19461.60175039414,Test
WSP AUSTRALIA PTY LTD,2020-11-01,484489.58999999997,,Train
WSP AUSTRALIA PTY LTD,2020-12-01,839944.49,,Train
WSP AUSTRALIA PTY LTD,2021-01-01,348342.9,,Train
WSP AUSTRALIA PTY LTD,2021-02-01,361556.87,,Train
WSP AUSTRALIA PTY LTD,2021-03-01,355198.0,,Train
WSP AUSTRALIA PTY LTD,2021-04-01,1141040.52,,Train
WSP AUSTRALIA PTY LTD,2021-05-01,232572.59,,Train
WSP AUSTRALIA PTY LTD,2021-06-01,588997.0,,Train
WSP AUSTRALIA PTY LTD,2021-07-01,261895.01,,Train
WSP AUSTRALIA PTY LTD,2021-08-01,165700.72,,Train
WSP AUSTRALIA PTY LTD,2021-09-01,1446885.95,,Train
WSP AUSTRALIA PTY LTD,2021-10-01,1024138.85,,Train
WSP AUSTRALIA PTY LTD,2021-11-01,857666.24,,Train
WSP AUSTRALIA PTY LTD,2021-12-01,699123.81,,Train
WSP AUSTRALIA PTY LTD,2022-01-01,383530.0,,Train
WSP AUSTRALIA PTY LTD,2022-02-01,1276787.82,,Train
WSP AUSTRALIA PTY LTD,2022-03-01,1791255.0,,Train
WSP AUSTRALIA PTY LTD,2022-04-01,320500.71,,Train
WSP AUSTRALIA PTY LTD,2022-05-01,91958.34,,Train
WSP AUSTRALIA PTY LTD,2022-06-01,1576404.04,,Train
WSP AUSTRALIA PTY LTD,2022-07-01,271402.07,,Train
WSP AUSTRALIA PTY LTD,2022-08-01,207415.61,,Train
WSP AUSTRALIA PTY LTD,2022-09-01,172411.94,,Train
WSP AUSTRALIA PTY LTD,2022-10-01,293629.26,,Train
WSP AUSTRALIA PTY LTD,2022-11-01,341479.48,,Train
WSP AUSTRALIA PTY LTD,2022-12-01,165009.71,,Train
WSP AUSTRALIA PTY LTD,2023-01-01,80595.21,,Train
WSP AUSTRALIA PTY LTD,2023-02-01,16737.4,,Train
WSP AUSTRALIA PTY LTD,2023-03-01,216306.16,,Train
WSP AUSTRALIA PTY LTD,2023-04-01,147567.33000000002,,Train
WSP AUSTRALIA PTY LTD,2023-05-01,258077.4,,Train
WSP AUSTRALIA PTY LTD,2023-06-01,326041.92,,Train
WSP AUSTRALIA PTY LTD,2023-07-01,74805.68,,Train
WSP AUSTRALIA PTY LTD,2023-08-01,91890.64,,Train
WSP AUSTRALIA PTY LTD,2023-09-01,205326.56,,Train
WSP AUSTRALIA PTY LTD,2023-10-01,12920.0,,Train
WSP AUSTRALIA PTY LTD,2023-11-01,622663.59,,Train
WSP AUSTRALIA PTY LTD,2023-12-01,328043.39999999997,,Train
WSP AUSTRALIA PTY LTD,2024-01-01,333555.64,,Train
WSP AUSTRALIA PTY LTD,2024-02-01,309536.9,,Train
WSP AUSTRALIA PTY LTD,2024-03-01,120256.43,,Train
WSP AUSTRALIA PTY LTD,2024-04-01,501356.46,,Train
WSP AUSTRALIA PTY LTD,2024-05-01,62523.01,,Train
WSP AUSTRALIA PTY LTD,2024-06-01,427505.44,119617.34203044976,Test
WSP AUSTRALIA PTY LTD,2024-07-01,460625.27,114983.69962210873,Test
WSP AUSTRALIA PTY LTD,2024-08-01,572295.84,110529.5516048313,Test
WSP AUSTRALIA PTY LTD,2024-09-01,174671.13,106247.94486623092,Test
WSP AUSTRALIA PTY LTD,2024-10-01,1015889.18,102132.19563811379,Test
WSP AUSTRALIA PTY LTD,2024-11-01,128470.39,98175.87906283613,Test
WSP AUSTRALIA PTY LTD,2024-12-01,1083861.63,94372.81916383006,Test
WSP AUSTRALIA PTY LTD,2025-01-01,472602.00000000006,90717.07920464501,Test
WSP AUSTRALIA PTY LTD,2025-02-01,52146.0,87202.9524214529,Test
WSP AUSTRALIA PTY LTD,2025-03-01,363482.19,83824.95311454864,Test
WSP AUSTRALIA PTY LTD,2025-04-01,923263.33,80577.8080849435,Test
WSP AUSTRALIA PTY LTD,2025-05-01,1420839.49,77456.44840267856,Test
